{"speechlstm": 112, "dropout": 0.1533766075303111, "finalfc": 189, "adamlr": 0.000576005427777614, "textlstm": 238}