{"speechlstm": 100, "dropout": 0.12617134036967356, "finalfc": 203, "adamlr": 0.00039254250610751723, "textlstm": 234}